{
    "headers": [
        [
            { "text": "Name", "class": "thead__name"},
            { "text": "Account Number", "class": "thead__account","data-sorter": false },
            { "text": "Role", "class": "thead__role" },
            { "text": "ID", "class": "thead__id" },
            { "text": "Email", "class": "thead__email" },
            { "text": "Last Login", "class": "thead__last-login" },
            { "text": "Status", "class": "thead__status" },
            { "text": "Tools", "class": "thead__tools" }
        ]
    ],

    "rows": [
        { "cells" : [
            { "html": "<i class='icon-user'></i> You", "class": "tbody__name" },
            { "text": "123.456.7890",                  "class": "tbody__account" },
            { "text": "Company Admin",                 "class": "tbody__role" },
            { "text": "1234567890",                    "class": "tbody__id" },
            { "text": "john.smith@email.com",          "class": "tbody__email" },
            { "text": "Today",                         "class": "tbody__last-login", "data-date": "1443178800" },
            { "text": "Active",                        "class": "tbody__status" },
            { "text": "",                              "class": "tbody__tools" }
          ],
          "data-row" : "0987654321"
        },
        { "cells" : [
            { "html": "Abigail Miller",                "class": "tbody__name" },
            { "text": "098.765.4321",                  "class": "tbody__account" },
            { "text": "Company Admin",                 "class": "tbody__role" },
            { "text": "0987654321",                    "class": "tbody__id" },
            { "text": "abigail.miller@email.com",      "class": "tbody__email" },
            { "text": "Today",                         "class": "tbody__last-login", "data-date": "1443178800" },
            { "text": "Active",                        "class": "tbody__status" },
            { "text": "",                              "class": "tbody__tools" }
          ],
          "data-row" : "1234567890"
        },
        { "cells" : [
            { "html": "Ashley Hall",                   "class": "tbody__name" },
            { "text": "894.736.2957",                  "class": "tbody__account" },
            { "text": "Company Admin",                 "class": "tbody__role" },
            { "text": "8947362957",                    "class": "tbody__id" },
            { "text": "ashley.hall@email.com",         "class": "tbody__email" },
            { "text": "Yesterday",                     "class": "tbody__last-login", "data-date": "1443178800" },
            { "text": "Active",                        "class": "tbody__status" },
            { "text": "",                              "class": "tbody__tools" }
          ],
          "data-row" : "8947362957"
        },
        { "cells" : [
            { "html": "Derek Santos",                  "class": "tbody__name" },
            { "text": "0384729574",                    "class": "tbody__account" },
            { "text": "Company Admin",                 "class": "tbody__role" },
            { "text": "0384729574",                    "class": "tbody__id" },
            { "text": "derek.santos@email.com",        "class": "tbody__email" },
            { "text": "2 days",                        "class": "tbody__last-login", "data-date": "1443178800" },
            { "text": "Active",                        "class": "tbody__status" },
            { "text": "",                              "class": "tbody__tools" }
          ],
          "data-row" : "0384729574"
        },
        { "cells" : [
            { "html": "Diana Taylor",                  "class": "tbody__name" },
            { "text": "123.456.7891",                  "class": "tbody__account" },
            { "text": "Company Admin",                 "class": "tbody__role" },
            { "text": "1234567891",                    "class": "tbody__id" },
            { "text": "diana.taylor@email.com",        "class": "tbody__email" },
            { "text": "3 days",                        "class": "tbody__last-login", "data-date": "1443178800" },
            { "text": "Deactivated",                   "class": "tbody__status" },
            { "text": "",                              "class": "tbody__tools" }
          ],
          "data-row" : "1234567891"
        },
        { "cells" : [
            { "html": "Donna Robinson",                "class": "tbody__name" },
            { "text": "098.765.4320",                  "class": "tbody__account" },
            { "text": "Admin",                         "class": "tbody__role" },
            { "text": "0987654320",                    "class": "tbody__id" },
            { "text": "donna.robinson@email.com",      "class": "tbody__email" },
            { "text": "1 week",                        "class": "tbody__last-login", "data-date": "1443178800" },
            { "text": "Idle",                          "class": "tbody__status" },
            { "text": "",                              "class": "tbody__tools" }
          ],
          "data-row" : "0987654320"
        },
        { "cells" : [
            { "html": "Frank Castle",                  "class": "tbody__name" },
            { "text": "898.889.2957",                  "class": "tbody__account" },
            { "text": "Company Admin",                 "class": "tbody__role" },
            { "text": "898.889.2957",                  "class": "tbody__id" },
            { "text": "frank.castle@email.com",        "class": "tbody__email" },
            { "text": "3 weeks",                      "class": "tbody__last-login", "data-date": "1443178800" },
            { "text": "Locked",                        "class": "tbody__status" },
            { "text": "",                              "class": "tbody__tools" }
          ],
          "data-row" : "898.889.2957"
        },
        { "cells" : [
            { "html": "George Hines",                  "class": "tbody__name" },
            { "text": "333.472.9574",                  "class": "tbody__account" },
            { "text": "Admin",                         "class": "tbody__role" },
            { "text": "3334729574",                    "class": "tbody__id" },
            { "text": "george.hines@email.com",        "class": "tbody__email" },
            { "text": "1 month",                     "class": "tbody__last-login", "data-date": "1443178800" },
            { "text": "Active",                        "class": "tbody__status" },
            { "text": "",                              "class": "tbody__tools" }
          ],
          "data-row" : "3334729574"
        },
        { "cells" : [
            { "html": "Harry Perez",                   "class": "tbody__name" },
            { "text": "800.736.2957",                  "class": "tbody__account" },
            { "text": "Admin",                         "class": "tbody__role" },
            { "text": "8007362957",                    "class": "tbody__id" },
            { "text": "harry.perez@email.com",         "class": "tbody__email" },
            { "text": "2 months",                     "class": "tbody__last-login", "data-date": "1443178800" },
            { "text": "Active",                        "class": "tbody__status" },
            { "text": "",                              "class": "tbody__tools" }
          ],
          "data-row" : "8007362957"
        },
        { "cells" : [
            { "html": "Johnson Rhodes",                "class": "tbody__name" },
            { "text": "222.333.8910",                  "class": "tbody__account" },
            { "text": "Company Admin",                 "class": "tbody__role" },
            { "text": "2223338910",                    "class": "tbody__id" },
            { "text": "johnson.rhodes@email.com",      "class": "tbody__email" },
            { "text": "6 months",                         "class": "tbody__last-login", "data-date": "1443178800" },
            { "text": "Active",                        "class": "tbody__status" },
            { "text": "",                              "class": "tbody__tools" }
          ],
          "data-row" : "2223338910"
        }
    ]
}

