[
    { "color": "#444", "size": "14pt", "background": "#f2f2f2", "ratio": 8.7,  "usage": "TEXT" },
    { "color": "#666", "size": "14pt", "background": "#f2f2f2", "ratio": 5.13, "usage": "TEXT / UI ELEMENTS" },
    { "color": "#888", "size": "14pt", "background": "#f2f2f2", "ratio": 3.1,  "usage": "ICONS / UI ELEMENTS / SHAPES" },
    { "color": "#444", "size": "14pt", "background": "#d3d3d3", "ratio": 6.51, "usage": "TEXT / UI ELEMENTS" },
    { "color": "#666", "size": "14pt", "background": "#d3d3d3", "ratio": 3.84, "usage": "ICONS / UI ELEMENTS / SHAPES" },
    { "color": "#444", "size": "14pt", "background": "#aaa",    "ratio": 4.19, "usage": "ICONS / UI ELEMENTS / SHAPES / HOVER " },
    { "color": "#fff", "size": "14pt", "background": "#888",    "ratio": 3.54, "usage": "ICONS / UI ELEMENTS / SHAPES" },
    { "color": "#fff", "size": "14pt", "background": "#666",    "ratio": 5.74, "usage": "TEXT / UI ELEMENTS / SHAPES / ICONS" },
    { "color": "#fff", "size": "14pt", "background": "#444",    "ratio": 9.74, "usage": "TEXT / UI ELEMENTS / SHAPES / ICONS" },
    { "color": "#fff", "size": "14pt", "background": "#0574ac", "ratio": 4.72, "usage": "PRIMARY UI ELEMENTS / ICONS / TEXT LINKS" },
    { "color": "#444", "size": "14pt", "background": "#fcb123", "ratio": 5.31, "usage": "WARNING MESSAGE" },
    { "color": "#fff", "size": "14pt", "background": "#e00000", "ratio": 5.04, "usage": "ERROR MESSAGE" },
    { "color": "#fff", "size": "14pt", "background": "#4c8316", "ratio": 4.5,  "usage": "SUCCESS MESSAGE" },
    { "color": "#444", "size": "14pt", "background": "#bcc9d9", "ratio": 5.8,  "usage": "TEXT / BANNER / SHAPES" },
    { "color": "#444", "size": "14pt", "background": "#cccc99", "ratio": 5.87, "usage": "TEXT / BANNER / SHAPES" },
    { "color": "#444", "size": "14pt", "background": "#cccc66", "ratio": 5.75, "usage": "TEXT / BANNER / SHAPES" },
    { "color": "#444", "size": "14pt", "background": "#c4d82d", "ratio": 6.13, "usage": "TEXT / BANNER / SHAPES" },
    { "color": "#444", "size": "14pt", "background": "#dbd810", "ratio": 6.42, "usage": "TEXT / BANNER / SHAPES" },
    { "color": "#fff", "size": "14pt", "background": "#da0081", "ratio": 4.89, "usage": "TEXT / BANNER / SHAPES TEXT" },
    { "color": "#444", "size": "14pt", "background": "#44c8f5", "ratio": 5.02, "usage": "BANNER / SHAPES" },
    { "color": "#444", "size": "14pt", "background": "#fcb314", "ratio": 5.28, "usage": "TEXT / BANNER / SHAPES" },
    { "color": "#444", "size": "14pt", "background": "#b6bf00", "ratio": 4.84, "usage": "TEXT / BANNER / SHAPES" },
    { "color": "#fff", "size": "14pt", "background": "#81017e", "ratio": 9.38, "usage": "TEXT / BANNER / SHAPES TEXT" },
    { "color": "#fff", "size": "14pt", "background": "#b30a3c", "ratio": 6.94, "usage": "TEXT / BANNER / SHAPES" },
    { "color": "#fff", "size": "14pt", "background": "#0c2577", "ratio": 13.58, "usage": "BANNER / SHAPES" },
    { "color": "#444", "size": "14pt", "background": "#ff9900", "ratio": 4.55, "usage": "TEXT / BANNER / SHAPES" },
    { "color": "#444", "size": "14pt", "background": "#00c7b2", "ratio": 4.55, "usage": "TEXT / BANNER / SHAPES TEXT" },
    { "color": "#444", "size": "14pt", "background": "#99ffcc", "ratio": 8.13, "usage": "BANNER / SHAPES" },
    { "color": "#ffef00","size": "on", "background": "#444",    "ratio": 8.86, "usage": "TEXT / BANNER / SHAPES" }
]
