{
    "greys": [
        { "name":  "bg-dark-gray", "triangle": "triangle-dark-gray", "title": "dark gray", "color": "#444444" },
        { "name":  "bg-medium-gray", "triangle": "triangle-medium-gray", "title": "medium gray", "color": "#666666" },
        { "name":  "bg-secondary-gray", "triangle": "triangle-secondary-gray", "title": "secondary gray", "color": "#888888" },
        { "name":  "bg-disable-gray", "triangle": "triangle-disable-gray", "title": "disable gray",   "color": "#aaaaaa" },
        { "name":  "bg-light-gray", "triangle": "triangle-light-gray", "title": "light gray", "color": "#d3d3d3" },
        { "name":  "bg-white", "triangle": "triangle-white", "title": "white", "color": "#ffffff" }
    ],

    "dividers": [
        { "name":  "bg-dark-gray", "title": "dark gray", "color": "#444444" },
        { "name":  "bg-disable-gray", "title": "disable gray", "color": "#aaaaaa" },
        { "name":  "bg-light-gray", "title": "light gray", "color": "#d3d3d3" },
        { "name":  "bg-standard", "title": "standard", "color": "#f2f2f2" },
        { "name":  "bg-white", "title": "white", "color": "#ffffff" }
    ],

    "light": [
        { "name":  "bg-dusty-blue", "triangle": "triangle-dusty-blue", "title": "dusty blue", "color": "#96b1d0" },
        { "name":  "bg-light-blue", "triangle": "triangle-light-blue", "title": "light blue", "color": "#bcc9d9" },
        { "name":  "bg-warm-gray", "triangle": "triangle-warm-gray", "title": "warm gray", "color": "#cccc99" },
        { "name":  "bg-taupe", "triangle": "triangle-taupe", "title": "taupe", "color": "#cccc66" },
        { "name":  "bg-teal", "triangle": "triangle-teal", "title": "teal", "color": "#00c7b2" },
        { "name":  "bg-mint-green", "triangle": "triangle-mint-green", "title": "mint green", "color": "#99ffcc" }
    ],

    "highlight": [
        { "name":  "bg-ochre", "triangle": "triangle-ochre", "title": "ochre", "color": "#fcb314" },
        { "name":  "bg-lime-highlight", "triangle": "triangle-lime-highlight", "title": "lime highlight", "color": "#dbd810" },
        { "name":  "bg-green-highlight", "triangle": "triangle-green-highlight", "title": "green highlight", "color": "#c4d82d" },
        { "name":  "bg-blue-highlight", "triangle": "triangle-blue-highlight", "title": "blue highlight", "color": "#44c8f5" },
        { "name":  "bg-purple-highlight", "triangle": "triangle-purple-highlight", "title": "purple highlight", "color": "#b8509e" },
        { "name":  "bg-magenta", "triangle": "triangle-magenta", "title": "magenta", "color": "#da0081" }
    ],

    "dark": [
        { "name":  "bg-gold", "triangle": "triangle-gold", "title": "gold", "color": "#ff9900" },
        { "name":  "bg-lime", "triangle": "triangle-lime", "title": "lime", "color": "#b6bf00" },
        { "name":  "bg-green", "triangle": "triangle-green", "title": "green", "color": "#4ca90c" },
        { "name":  "bg-dark-blue", "triangle": "triangle-dark-blue", "title": "dark blue", "color": "#0c2577" },
        { "name":  "bg-purple", "triangle": "triangle-purple", "title": "purple", "color": "#81017e" },
        { "name":  "bg-burgundy", "triangle": "triangle-burgundy", "title": "burgundy", "color": "#b30a3c" }
    ],
	"loading": [
        { "name":  "att-loading--dark", "title": "Dark gray", "color": "#444" },
        { "name":  "att-loading--blue", "title": "Prime blue", "color": "#067ab4" },
        { "name":  "att-loading--white", "title": "White", "color": "#fff" }       
    ]
}
