[{
        "name": "main",
        "items": [{
            "title" : "activity",
            "route": "activityfeed.html",
            "index": true,
            "sitemap": true
        }, {
            "title": "philosophy",
            "route": "philosophy.html",
            "index": true,
            "sitemap": true,

            "submenuItems": [{
                "title": "Simple",
                "section": "philosophy-simple"
            }, {
                "title": "Standardized",
                "section": "philosophy-standardized"
            }, {
                "title": "Minimal",
                "section": "philosophy-minimal"
            }, {
                "title": "Inclusive",
                "section": "philosophy-inclusive"
            }, {
                "title": "Clever",
                "section": "philosophy-clever"
            }]
        }, {
            "title": "structures",
            "route": "structures.html",
            "index": true,
            "sitemap": true,

            "submenuItems": [{
                "title": "Base Structures",
                "section": "base-structures",

                "submenuItems": [{
                    "title": "Grid",
                    "section": "base-structures-grid"
                }, {
                    "title": "Columns",
                    "section": "base-structures-columns"
                }]
            }, {
                "title": "Copy",
                "section": "copy-section",

                "submenuItems": [{
                    "title": "Site Structure<br />Text Styles",
                    "section": "copy-site-structures-text-styles"
                }]
            }, {
                "title": "Color",
                "section": "color-section",

                "submenuItems": [{
                    "title": "Primary Colors",
                    "section": "color-primary-colors"
                }, {
                    "title": "Small Color,<br />Big Impact",
                    "section": "color-small-colors"
                }, {
                    "title": "Secondary Colors",
                    "section": "color-secondary-colors"
                }, {
                    "title": "Other AT&amp;T Colors",
                    "section": "color-other-colors"
                }, {
                    "title": "Acceptable Color,<br />Combinations",
                    "section": "color-color-contrast-scores"
                }]
            }]
        }, 
            {
                "title": "NG",
                "route": "ng-ui-elements.html",
                "index": true,
                "sitemap": true,
                "submenuItems": [
                    {
                        "title": "CTA Buttons",
                        "section": "buttons-section",
                        "submenuItems": [
                            {
                                "title": "Primary Action",
                                "section": "buttons-primary-action"
                            },
                            {
                                "title": "Secondary Action",
                                "section": "buttons-secondary-action"
                            },
                            {
                                "title": "Secondary<br />Background Colors",
                                "section": "buttons-secondary-background"
                            },
                            {
                                "title": "Buy Action",
                                "section": "buttons-buy-action"
                            },
                            {
                                "title": "Primary<br />Split Button",
                                "section": "buttons-split-buttons-primary"
                            },
                            {
                                "title": "Secondary<br />Split Button",
                                "section": "buttons-split-buttons-secondary"
                            },{
                                "title": "Action<br />Dropdown Button",
                                "section": "action-button-dropdown"
                            },
                            {
                                "title": "Split Icon<br/> Buttons",
                                "section": "split-icon-secondary"
                            }
                        ]
                    },
                    {
                        "title": "Input",
                        "section": "input-fields-section",
                        "submenuItems": [
                            {
                                "title": "Form Fields",
                                "section": "input-fields-text-fields"
                            },
                            {
                                "title": "Radio Buttons & Checkboxes",
                                "section": "checkboxes-radio-section"
                            },
                            {
                                "title": "Drop-downs",
                                "section": "input-fields-dropdowns"
                            },
                            {
                                "title": "Inline Datepicker",
                                "section": "inline-datepicker"
                            },
                            {
                                "title": "Datepicker Popup",
                                "section": "datepicker-popup"
                            },
                            {
                                "title": "Date Filter",
                                "section": "date-filter"
                            }
                        ]
                    },
                    {
                        "title": "Search",
                        "section": "search-section",
                        "submenuItems": [
                            {
                                "title": "Basic Search",
                                "section": "search-basic-search"
                            }
                        ]
                    },
                    {
                        "title": "Data Dealing",
                        "section": "data-tags",
                        "submenuItems": [
                            {
                                "title": "Tags",
                                "section": "data-tag"
                            },
                            {
                                "title": "Tag Cloud",
                                "section": "data-tag-cloud"
                            },
                            {
                                "title": "Table",
                                "section": "data-table"
                            },
                            {
                                "title": "Hour Picker",
                                "section": "hourpicker-section"
                            },
							{
								"title": "Profile Cards",
								"section": "profileCard-section"
							}
                        ]
                    },
                    {
                        "title": "Navigation",
                        "section": "navigation-section",
                        "submenuItems": [
                            {
                                "title": "Tabs",
                                "section": "navigation-tabs-with-illustrations"
                            },
                            {
                                "title": "Simplified Tabs",
                                "section": "navigation-simplified-tabs"
                            },
                            {
                                "title": "Floating Tabs",
                                "section": "navigation-floating-tabs"
                            },{
								"title": "Generic Tabs",
								"section": "navigation-generic-tabs"
							},
                            {
                                "title": "Icon Tabs",
                                "section": "navigation-icon-tabs"
                            },
                            {
                                "title": "Vertical Navigation",
                                "section": "navigation-vertical-navigation"
                            },
                            {
                                "title": "Icon Buttons<br />- Toolbar",
                                "section": "navigation-icon-buttons"
                            },
                            {
                                "title": "Accordions",
                                "section": "arrows-and-expanders"
                            },
                            {
                                "title": "Links",
                                "section": "navigation-links"
                            },
                            {
                                "title": "Carousels",
                                "section": "carousel-section"
                            },
                            {
                                "title": "BreadCrumbs",
                                "section": "breadcrumbs-section"
                            },
                            {
                                "title": "Dividers",
                                "section": "dividers-section"
                            },
                            {
                        	"title": "Text Overflow",
                                "section": "text-overflow"
                            },
                            {
                                "title": "Mega Menu",
                                "section": "megamenu-section"
                            }
                        ]
                    },
                    {
                        "title": "System Feedback",
                        "section": "system-feedback-section",
                        "submenuItems": [
                            {
                                "title": "Modals",
                                "section": "modals-section"
                            },
                            {
                                "title": "Scrollbar",
                                "section": "scrollbar-section"
                            },
                            {
                                "title": "Loading",
                                "section": "system-feedback-loading"
                            },
                            {
                                "title": "Tooltips",
                                "section": "system-feedback-tooltips"
                            },
                            {
                                "title": "Pop Overs",
                                "section": "system-feedback-pop-overs"
                            }
                        ]
                    },
                    {
                        "title": "Controls",
                        "section": "video-controls-section",
                        "submenuItems": [
                            {
                                "title": "Video Controls",
                                "section": "controls-video-controls"
                            }
                        ]
                    },
                    {
                        "title": "Pagination",
                        "section": "pagination-section",
                        "submenuItems": [
                            {
                                "title": "Small Page Count",
                                "section": "pagination-small-count"
                            },
                            {
                                "title": "Medium Page Count",
                                "section": "pagination-medium-page-count"
                            },
                            {
                                "title": "Large Page Count",
                                "section": "pagination-large-page-count"
                            },
                            {
                                "title": "Views Per Page",
                                "section": "pagination-views-per-page"
                            }
                        ]
                    },
                    {
                        "title": "Selectors",
                        "section": "selectors-section",
                        "submenuItems": [
                            {
                                "title": "Toggle Switch",
                                "section": "selectors-toggle-switch"
                            },
                            {
                                "title": "Color Selector",
                                "section": "selectors-color-selector"
                            },
                            {
                                "title": "Storage Selector",
                                "section": "selectors-storage-selector"
                            }
                        ]
                    },
                    {
                        "title": "Interactive",
                        "section": "interactive-section",
                        "submenuItems": [
                            {
                                "title": "Drag and Drop",
                                "section": "drag-drop-section"
                            }
                        ]
                    },
                    {
                        "title": "Progress & Usage Indicators",
                        "section": "progress-usage-indicators-section",
                        "submenuItems": [
                            {
                                "title": "Progress Bars",
                                "section": "progress-bars"
                            },
                            {
                                "title": "Slider",
                                "section": "sliders-section"
                            },
                            {
                                "title": "Step Tracker",
                                "section": "steptracker-section"
                            },
                            {
                                "title": "Vertical Step Tracker",
                                "section": "verticalSteptracker-section"
                            },
                            {
                                "title": "Tree View",
                                "section": "Tree-view"
                            }
                        ]
                    }
                ]
            },
		{
            "title": "elements",
            "route": "uielements.html",
            "index": true,
            "sitemap": true,

            "submenuItems": [{
                "title": "CTA Buttons",
                "section": "buttons-section",

                "submenuItems": [{
                    "title": "Primary Action",
                    "section": "buttons-primary-action"
                }, {
                    "title": "Secondary Action",
                    "section": "buttons-secondary-action"
                }, {
                    "title": "Secondary<br />Background Colors",
                    "section": "buttons-secondary-background"
                }, {
                    "title": "Buy Action",
                    "section": "buttons-buy-action"
                }, {
                    "title": "Primary<br />Split Button",
                    "section": "buttons-split-buttons-primary"
                }, {
                    "title": "Secondary<br />Split Button",
                    "section": "buttons-split-buttons-secondary"
                }]
            },

            {
                "title": "Input",
                "section": "input-fields-section",

                "submenuItems": [{
                    "title": "Text Fields",
                    "section": "input-fields-text-fields"
                }, {
                    "title": "Compound Text<br />Fields",
                    "section": "input-fields-compound-fields"
                }, {
                    "title": "Login Field",
                    "section": "input-fields-login-fields"
                }, {
                    "title": "Radio Buttons<br />&amp; Checkboxes",
                    "section": "input-fields-radio-button-checkboxes"
                }, {
                    "title": "Drop-downs",
                    "section": "input-fields-dropdowns"
                }]
            },

            {
                "title": "Search",
                "section": "search-section",

                "submenuItems": [{
                    "title": "Basic Search",
                    "section": "search-basic-search"
                }, {
                    "title": "Natural<br />Language Form",
                    "section": "search-natural-language-form"
                }]
            },

            {
                "title": "Data Dealing",
                "section": "data-tags",

                "submenuItems": [{
                    "title": "Tags",
                    "section": "data-tag"
                }, {
                    "title": "Tag Cloud",
                    "section": "data-tag-cloud"
                }, {
                    "title": "Table",
                    "section": "data-table"
                }, {
                    "title": "Table with<br />Bulk Actions",
                    "section": "data-table-bulks"
                }]
            },

            {
                "title": "Navigation",
                "section": "navigation-section",

                "submenuItems": [{
                    "title": "Tabs",
                    "section": "navigation-tabs-with-illustrations"
                }, {
                    "title": "Simplified Tabs",
                    "section": "navigation-simplified-tabs"
                }, {
                    "title": "Floating Tabs",
                    "section": "navigation-floating-tabs"
                }, {
                    "title": "Icon Tabs",
                    "section": "navigation-icon-tabs"
                }, {
                    "title": "Vertical Navigation",
                    "section": "navigation-vertical-navigation"
                }, {
                    "title": "Icon Buttons<br />- Toolbar",
                    "section": "navigation-icon-buttons"
                }, {
                    "title": "Accordions",
                    "section": "navigation-accordions"
                }, {
                    "title": "Links",
                    "section": "navigation-links"
                }, {
                    "title": "Carousels",
                    "section": "carousel-section"
                }, {
                    "title": "Dividers",
                    "section": "dividers-section"
                }]
            },

            {
                "title": "System Feedback",
                "section": "system-feedback-section",

                "submenuItems": [{
                    "title": "Modals",
                    "section": "modals-section"
                }, {
                    "title": "Loading",
                    "section": "system-feedback-loading"
                }, {
                    "title": "Tooltips",
                    "section": "system-feedback-tooltips"
                }, {
                    "title": "Pop Overs",
                    "section": "system-feedback-pop-overs"
                }]
            },

            {
                "title": "Controls",
                "section": "video-controls-section",

                "submenuItems": [{
                    "title": "Video Controls",
                    "section": "controls-video-controls"
                }]
            },

            {
                "title": "Pagination",
                "section": "pagination-section",

                "submenuItems": [{
                    "title": "Small Page Count",
                    "section": "pagination-small-count"
                }, {
                    "title": "Medium Page Count",
                    "section": "pagination-medium-page-count"
                }, {
                    "title": "Large Page Count",
                    "section": "pagination-large-page-count"
                }, {
                    "title": "Views Per Page",
                    "section": "pagination-views-per-page"
                }]
            },

            {
                "title": "Selectors",
                "section": "selectors-section",

                "submenuItems": [{
                    "title": "Toggle Switch",
                    "section": "selectors-toggle-switch"
                }, {
                    "title": "Color Selector",
                    "section": "selectors-color-selector"
                }, {
                    "title": "Storage Selector",
                    "section": "selectors-storage-selector"
                }]
            }]
        }, {
            "title": "patterns",
            "route": "uipatterns.html",
            "index": true,
            "sitemap": true,
            "submenuItems": [{
                "title": "Header<br />Shop and Learn",
                "section": "header-shop-learn",

                "submenuItems": [{
                    "title": "Global Header",
                    "section": "global-header"
                }, {
                    "title": "Contextual Navigation",
                    "section": "contextual-navigation"
                }, {
                    "title": "Breadcrumbs",
                    "section": "breadcrumbs"
                }]
            }, {
                "title": "Sticky Bars",
                "section": "sticky-bars",

                "submenuItems": [{
                    "title": "Mini Configurator",
                    "section": "mini-configurator"
                }, {
                    "title": "Natural<br />Language Form",
                    "section": "natural-language-form"
                }, {
                    "title": "General Guidelines",
                    "section": "general-guidelines"
                }]
            }, {
                "title": "Footer",
                "section": "footer-section",

                "submenuItems": [{
                    "title": "Skin 1",
                    "section": "footer-skin-1"
                }, {
                    "title": "Skin 2",
                    "section": "footer-skin-2"
                }]
            }, {
                "title": "Links Text<br />Styling",
                "section": "links-styling"
            }, {
                "title": "Vertical<br />Navigation",
                "section": "vertical-navigation",

                "submenuItems": [{
                    "title": "Desktop",
                    "section": "vertical-navigation-desktop"
                }, {
                    "title": "Devices",
                    "section": "vertical-navigation-devices"
                }]
            }, {
                "title": "Tabs",
                "section": "tabs",

                "submenuItems": [{
                    "title": "Tabs with<br />Illustration",
                    "section": "tabs-with-illustration"
                }, {
                    "title": "Simplified<br />Tabs",
                    "section": "simplified-tabs"
                }]
            }, {
                "title": "Labels",
                "section": "labels-fieldset-section",

                "submenuItems": [{
                    "title": "1. Field Set",
                    "section": "labels-fieldset-with-title"
                },{
                    "title": "2. No Field Set",
                    "section": "labels-no-fieldset-with-title"
                }]
            }, {
                "title": "Forms",
                "section": "organization-forms",

                "submenuItems": [{
                    "title": "Organization",
                    "section": "organization-forms"
                }, {
                    "title": "Validation & Feedback",
                    "section": "validation-feedback"
                }, {
                    "title": "1 Column Format",
                    "section": "one-column-format"
                }, {
                    "title": "Keyboard Access",
                    "section": "keyboard-access"
                }]
            }, {
                "title": "Configurator",
                "section": "configurator",

                "submenuItems": [{
                    "title": "Product<br />Details",
                    "section": "configurator-product-details"
                }, {
                    "title": "Quick<br />Catalog",
                    "section": "configurator-quick-catalog"
                }]
            }, {
                "title": "Pagination",
                "section": "pagination-section",

                "submenuItems": [{
                    "title": "Pagination Alignment",
                    "section": "pagination-alignment"
                }, {
                    "title": "Alignment Views<br/>Per Page",
                    "section": "pagination-alignment_per-page"
                }, {
                    "title": "Pagination on Tables",
                    "section": "pagination-tables"
                }]
            }]
        }, {
            "title": "icons",
            "route": "iconography.html",
            "index": true,
            "sitemap": true
        }, {
            "title": "help",
            "route": "help.html",
            "index": true,
            "sitemap": true
        }, {
            "title": "sitemap",
            "route": "sitemap.html",
            "index": false,
            "sitemap": false
        }]
    },

    {
        "name": "bid-main",
        "items": [{
            "title": "&nbsp;",
            "classes": "brand"
        }, {
            "title": "Shop"
        }, {
            "title": "Learn"
        }, {
            "title": "Support"
        }]
    },

    {
        "name": "bid-shop",
        "items": ["Wireless", "Bundles", "Apps", "Internet", "Business Phones", "TV for Business", "More Services", "Special Offers"]
    }
]
