[
    {
        "value": "Grid Systems",
        "url": "structures#grid-systems"
    },
    {
        "value": "980 px Vertical Grid",
        "url": "structures#grid-systems-980-px-grid"
    },
    {
        "value": "980 px Baseline Grid",
        "url": "structures#grid-systems-980-px-grid"
    },
    {
        "value": "Blue Bar / Global Header",
        "url": "structures#blue-bar-global-header"
    },
    {
        "value": "Navigation Structure",
        "url": "structures#navigation-structure"
    },
    {
        "value": "Main Navigation Bar",
        "url": "structures#navigation-structure-main-navigation-bar"
    },
    {
        "value": "Secondary Navigation Bar",
        "url": "structures#navigation-structure-secondary-navigation-bar"
    },
    {
        "value": "Columns",
        "url": "structures#columns"
    },
    {
        "value": "4 Columns",
        "url": "structures#columns"
    },
    {
        "value": "6 Columns",
        "url": "structures#columns"
    },
    {
        "value": "Page Layouts",
        "url": "structures#page-layouts"
    },
    {
        "value": "Landing Page",
        "url": "structures#page-layouts-landing-page"
    },
    {
        "value": "Copy",
        "url": "structures#copy"
    },
    {
        "value": "Copy - Clearview",
        "url": "structures#copy-clearview"
    },
    {
        "value": "Copy - Omnes",
        "url": "structures#copy-omnes"
    },
    {
        "value": "Site Structure Text Styles",
        "url": "structures#copy-site-structures-text-styles"
    },
    {
        "value": "Copy - H1",
        "url": "structures#copy-h1"
    },
    {
        "value": "Copy - H2",
        "url": "structures#copy-h2"
    },
    {
        "value": "Copy - H3",
        "url": "structures#copy-h3"
    },
    {
        "value": "Copy - H4",
        "url": "structures#copy-h4"
    },
    {
        "value": "Copy - H5",
        "url": "structures#copy-h5"
    },
    {
        "value": "Copy - H6 / Sections",
        "url": "structures#copy-h6-sections"
    },
    {
        "value": "Body Copy",
        "url": "structures#copy-body-copy"
    },
    {
        "value": "Short Copy",
        "url": "structures#copy-short-copy"
    },
    {
        "value": "Copy - Link List",
        "url": "structures#copy-link-list"
    },
    {
        "value": "Copy - Details",
        "url": "structures#copy-details"
    },
    {
        "value": "Copy - Abbreviations",
        "url": "structures#copy-abbreviations"
    },
    {
        "value": "Copy - Expressive Text Syles",
        "url": "structures#copy-expressive-text-styles"
    },
    {
        "value": "Copy - Promo Header 1",
        "url": "structures#copy-promo-header-1"
    },
    {
        "value": "Copy - Promo Header 2",
        "url": "structures#copy-promo-header-2"
    },
    {
        "value": "Copy - Promo Header 3",
        "url": "structures#copy-promo-header-3"
    },
    {
        "value": "Copy - Promo Header 4",
        "url": "structures#copy-promo-header-4"
    },
    {
        "value": "Copy - Promo Tagline",
        "url": "structures#copy-promo-tagline"
    },
    {
        "value": "Copy - Promo Text",
        "url": "structures#copy-promo-text"
    },
    {
        "value": "Copy - Bullet List",
        "url": "structures#copy-bullet-list"
    },
    {
        "value": "Copy - Display Prices Large",
        "url": "structures#copy-display-prices-large"
    },
    {
        "value": "Copy - Display Prices Medium",
        "url": "structures#copy-display-prices-medium"
    },
    {
        "value": "Copy - Display Prices Small",
        "url": "structures#copy-display-prices-small"
    },
    {
        "value": "Color",
        "url": "structures#color"
    },
    {
        "value": "Primary Colors",
        "url": "structures#primary-colors"
    },
    {
        "value": "Color - Prime Blue",
        "url": "structures#color-prime-blue"
    },
    {
        "value": "Color - Hover Blue",
        "url": "structures#color-hover-blue"
    },
    {
        "value": "Small Colors, Big Impact",
        "url": "structures#small-colors-big-impact"
    },
    {
        "value": "Small Colors, Big Impact - AT&T Orange",
        "url": "structures#small-colors-big-impact-att-orange"
    },
    {
        "value": "Small Colors, Big Impact - Warning Yellow",
        "url": "structures#small-colors-big-impact-warning-yellow"
    },
    {
        "value": "Small Colors, Big Impact - Error Red",
        "url": "structures#small-colors-big-impact-error-red"
    },
    {
        "value": "Small Colors, Big Impact - Success Green",
        "url": "structures#small-colors-big-impact-success-green"
    },
    {
        "value": "Secondary Colors",
        "url": "structures#color-secondary-colors"
    },
    {
        "value": "Secondary Colors - Dark Gray",
        "url": "structures#color-secondary-colors-dark-gray"
    },
    {
        "value": "Secondary Colors - Medium Gray",
        "url": "structures#color-secondary-colors-medium-gray"
    },
    {
        "value": "Secondary Colors - Secondary Gray",
        "url": "structures#color-secondary-colors-secondary-gray"
    },
    {
        "value": "Secondary Colors - Disable Gray",
        "url": "structures#color-secondary-colors-disable-gray"
    },
    {
        "value": "Secondary Colors - Light Gray",
        "url": "structures#color-secondary-colors-table-light-gray"
    },
    {
        "value": "Secondary Colors - Background Gray",
        "url": "structures#color-secondary-colors-background-gray"
    },
    {
        "value": "Other AT&T Colors",
        "url": "structures#color-other-att-colors"
    },
    {
        "value": "Other AT&T Colors - Light Blue",
        "url": "structures#color-other-att-colors-light-blue"
    },
    {
        "value": "Other AT&T Colors - Taupe Blue",
        "url": "structures#color-other-att-colors-taupe"
    },
    {
        "value": "Other AT&T Colors - Purple Highlight",
        "url": "structures#color-other-att-colors-purple-highlight"
    },
    {
        "value": "Other AT&T Colors - Ochre",
        "url": "structures#color-other-att-colors-ochre"
    },
    {
        "value": "Other AT&T Colors - Dusty Blue",
        "url": "structures#color-other-att-colors-dusty-blue"
    },
    {
        "value": "Other AT&T Colors - Green Highlight",
        "url": "structures#color-other-att-colors-green-highlight"
    },
    {
        "value": "Other AT&T Colors - Magenta",
        "url": "structures#color-other-att-colors-magenta"
    },
    {
        "value": "Other AT&T Colors - Green",
        "url": "structures#color-other-att-colors-green"
    },
    {
        "value": "Other AT&T Colors - Warm Gray",
        "url": "structures#color-other-att-colors-warm-gray"
    },
    {
        "value": "Other AT&T Colors - Lime Highlight",
        "url": "structures#color-other-att-colors-lime-highlight"
    },
    {
        "value": "Other AT&T Colors - Blue Highlight",
        "url": "structures#color-other-att-colors-blue-highlight"
    },
    {
        "value": "Other AT&T Colors - Lime",
        "url": "structures#color-other-att-colors-lime"
    },
    {
        "value": "Other AT&T Colors - Purple",
        "url": "structures#color-other-att-colors-purple"
    },
    {
        "value": "Other AT&T Colors - Gold",
        "url": "structures#color-other-att-colors-gold"
    },
    {
        "value": "Other AT&T Colors - Yellow",
        "url": "structures#color-other-att-colors-yellow"
    },
    {
        "value": "Other AT&T Colors - Burgundy",
        "url": "structures#color-other-att-colors-burgundy"
    },
    {
        "value": "Other AT&T Colors - Teal",
        "url": "structures#color-other-att-colors-teal"
    },
    {
        "value": "Other AT&T Colors - Dark Blue",
        "url": "structures#color-other-att-colors-dark-blue"
    },
    {
        "value": "Other AT&T Colors - Mint Green",
        "url": "structures#color-other-att-colors-mint-green"
    },
    {
        "value": "Color Contrast Scores",
        "url": "structures#color-color-contrast-scores"
    },
    {
        "value": "Acceptable Color Combinations",
        "url": "structures#color-color-contrast-scores-acceptable-color-combinations"
    },
    {
        "value": "Unacceptable Color Combinations",
        "url": "structures#color-color-contrast-scores-unacceptable-color-combinations"
    }
]
