[
    {
        "value": "Buttons",
        "url": "uielements#buttons"
    },
    {
        "value": "Primary Action",
        "url": "uielements#buttons-primary-action"
    },
    {
        "value": "Secondary Action",
        "url": "uielements#buttons-secondary-action"
    },
    {
        "value": "Buy Action",
        "url": "uielements#buttons-buy-action"
    },
    {
        "value": "Split Buttons",
        "url": "uielements#buttons-split-buttons"
    },
    {
        "value": "Input Fields",
        "url": "uielements#input-fields"
    },
    {
        "value": "Text Fields",
        "url": "uielements#input-fields-text-fields"
    },
    {
        "value": "Compound Text Fields",
        "url": "uielements#input-fields-compound-text-fields"
    },
    {
        "value": "Login Field",
        "url": "uielements#input-fields-login-field"
    },
    {
        "value": "Dropdowns",
        "url": "uielements#input-fields-dropdowns"
    },
    {
        "value": "Radio Button & Checkboxes",
        "url": "uielements#input-fields-radio-button-checkboxes"
    },
    {
        "value": "Tooltips",
        "url": "uielements#input-fields-tooltips"
    },
    {
        "value": "Selectors",
        "url": "uielements#selectors"
    },
    {
        "value": "Toggle Switch",
        "url": "uielements#selectors-toggle-switch"
    },
    {
        "value": "Color Selector",
        "url": "uielements#selectors-color-selector"
    },
    {
        "value": "Storage Selector",
        "url": "uielements#selectors-storage-selector"
    },
    {
        "value": "Controls",
        "url": "uielements#controls"
    },
    {
        "value": "Video Controls",
        "url": "uielements#controls-video-controls"
    },
    {
        "value": "Pagination",
        "url": "uielements#pagination"
    },
    {
        "value": "Carousels",
        "url": "uielements#pagination-carousels"
    },
    {
        "value": "Small Page Count",
        "url": "uielements#pagination-small-page-count"
    },
    {
        "value": "Medium Page Count",
        "url": "uielements#pagination-medium-page-count"
    },
    {
        "value": "Large Page Count",
        "url": "uielements#pagination-large-page-count"
    },
    {
        "value": "Views per page",
        "url": "uielements#pagination-views-per-page"
    },
    {
        "value": "Dealing with Data",
        "url": "uielements#dealing-with-data"
    },
    {
        "value": "Table",
        "url": "uielements#data-table"
    },
    {
        "value": "Tree-Views",
        "url": "uielements#data-tree-views"
    },
    {
        "value": "Tags",
        "url": "uielements#data-tags"
    },
    {
        "value": "Tag cloud",
        "url": "uielements#data-tag-cloud"
    },
    {
        "value": "Badges",
        "url": "uielements#data-badges"
    },
    {
        "value": "Accordions",
        "url": "uielements#data-accordions"
    },
    {
        "value": "Search",
        "url": "uielements#search-section"
    },
    {
        "value": "Basic Search",
        "url": "uielements#search-basic-search"
    },
    {
        "value": "Natural Language Form",
        "url": "uielements#search-natural-language-form"
    },
    {
        "value": "Navigation",
        "url": "uielements#navigation"
    },
    {
        "value": "Links",
        "url": "uielements#navigation-links"
    },
    {
        "value": "Icon Buttons",
        "url": "uielements#navigation-icon-buttons"
    },
    {
        "value": "Floating Tabs",
        "url": "uielements#navigation-floating-tabs"
    },
    {
        "value": "Tabs with illustrations",
        "url": "uielements#navigation-tabs-with-illustrations"
    },
    {
        "value": "Simplified Tabs",
        "url": "uielements#navigation-simplified-tabs"
    },
    {
        "value": "Vertical Navigation",
        "url": "uielements#navigation-vertical-navigation"
    },
    {
        "value": "System Feedback",
        "url": "uielements#system-feedback-section"
    },
    {
        "value": "Loading Indicator",
        "url": "uielements#system-feedback-loading-indicator"
    },
    {
        "value": "Modals",
        "url": "uielements#system-feedback-modals"
    },
    {
        "value": "Notifications",
        "url": "uielements#system-feedback-notifications"
    }
]
