[
    {
        "value": "Blue Bar Interactions",
        "url": "uipatterns#blue-bar-interactions"
    },
    {
        "value": "Blue Bar Interactions - Log In",
        "url": "uipatterns#blue-bar-interactions"
    },
    {
        "value": "Blue Bar Interactions - Notifications",
        "url": "uipatterns#blue-bar-interactions"
    },
    {
        "value": "Blue Bar Interactions - Chat",
        "url": "uipatterns#blue-bar-interactions"
    },
    {
        "value": "Blue Bar Interactions - Location Menu",
        "url": "uipatterns#blue-bar-interactions"
    },
    {
        "value": "Blue Bar Interactions - Cart Menu",
        "url": "uipatterns#blue-bar-interactions"
    },
    {
        "value": "Blue Bar Interactions - Global Search",
        "url": "uipatterns#blue-bar-interactions"
    },
    {
        "value": "Links Text Styling",
        "url": "uipatterns#links-text-styling"
    },
    {
        "value": "Tables & Charts",
        "url": "uipatterns#tables-charts"
    },
    {
        "value": "Billing Table",
        "url": "uipatterns#tables-charts-billing-table"
    },
    {
        "value": "Informational Chart",
        "url": "uipatterns#tables-charts-informational-chart"
    },
    {
        "value": "Mini Configurator",
        "url": "uipatterns#configurator"
    },
    {
        "value": "Product Details",
        "url": "uipatterns#configurator-product-details"
    },
    {
        "value": "Quick Catalogue",
        "url": "uipatterns#configurator-quick-catalogue"
    },
    {
        "value": "Summary Step-tracker",
        "url": "uipatterns#summary-step-tracker"
    }
]
